{
  "model": "meta-llama/Llama-3.2-1B-Instruct",
  "quantization_bits": null,
  "timestamp": "20260124_033958",
  "device": "cuda",
  "duration_seconds": 6.978191,
  "timing": {
    "real_time_seconds": 6.978188334000151,
    "cpu_user_seconds": 3.7088909999999995,
    "cpu_system_seconds": 0.28365299999999993,
    "cpu_total_seconds": 3.9925439999999996,
    "gpu_time_seconds": 3.397459550857544
  },
  "overall_accuracy": 24.0,
  "total_correct": 24,
  "total_questions": 100,
  "subject_results": [
    {
      "subject": "abstract_algebra",
      "correct": 24,
      "total": 100,
      "accuracy": 24.0,
      "timing": {
        "real_time_seconds": 6.977975679999872,
        "cpu_user_seconds": 3.708724,
        "cpu_system_seconds": 0.2836280000000002,
        "cpu_total_seconds": 3.9923520000000003,
        "gpu_time_seconds": 3.397459550857544
      }
    }
  ]
}